feature,story,title,method,url,firstName,lastName,contacts,creationTalentType,currency,currentLocation,industries,jobFunctions,languages,sourcingChannel,additionalInfoId,addressLine1,addressLine2,educations,experiences,photoUrl,projects,resumes,skills,workAuthorization,zipCode
talent,创建候选人,只填必填项,post,/talent/api/v3/talents,atest0311,bulk01,"[{'type': 'PHONE', 'contact': '19356666136', 'sort': 1}, {'type': 'EMAIL', 'contact': '19356666136@163.com', 'sort': 2}, {'type': 'WECHAT', 'contact': '19356666136', 'details': None, 'sort': 3}]",CREATE_WITHOUT_RESUME,3,"{city: null, province: null, country: null, location: ""ca""}",[{'enumId': '118'}],[{'enumId': '218'}],[{'enumId': '50'}],LINKEDIN,,,,,,,,,,,
talent,创建候选人,只填必填项,post,/talent/api/v3/talents,atest0311,bulk01,"[{'type': 'PHONE', 'contact': '19356666137', 'sort': 1}, {'type': 'EMAIL', 'contact': '19356666137@163.com', 'sort': 2}, {'type': 'WECHAT', 'contact': '19356666137', 'details': None, 'sort': 3}]",CREATE_WITHOUT_RESUME,1,"{city: null, province: null, country: null, location: ""ca""}",[{'enumId': '121'}],[{'enumId': '156'}],[{'enumId': '49'}],LINKEDIN,,,,,,,,,,,
talent,创建候选人,只填必填项,post,/talent/api/v3/talents,atest0311,bulk01,"[{'type': 'PHONE', 'contact': '19356666138', 'sort': 1}, {'type': 'EMAIL', 'contact': '19356666138@163.com', 'sort': 2}, {'type': 'WECHAT', 'contact': '19356666138', 'details': None, 'sort': 3}]",CREATE_WITHOUT_RESUME,1,"{city: null, province: null, country: null, location: ""ca""}",[{'enumId': '132'}],[{'enumId': '204'}],[{'enumId': '60'}],LINKEDIN,,,,,,,,,,,
talent,创建候选人,只填必填项,post,/talent/api/v3/talents,atest0311,bulk01,"[{'type': 'PHONE', 'contact': '19356666139', 'sort': 1}, {'type': 'EMAIL', 'contact': '19356666139@163.com', 'sort': 2}, {'type': 'WECHAT', 'contact': '19356666139', 'details': None, 'sort': 3}]",CREATE_WITHOUT_RESUME,3,"{city: null, province: null, country: null, location: ""ca""}",[{'enumId': '122'}],[{'enumId': '257'}],[{'enumId': '48'}],LINKEDIN,,,,,,,,,,,
talent,创建候选人,只填必填项,post,/talent/api/v3/talents,atest0311,bulk01,"[{'type': 'PHONE', 'contact': '19356666140', 'sort': 1}, {'type': 'EMAIL', 'contact': '19356666140@163.com', 'sort': 2}, {'type': 'WECHAT', 'contact': '19356666140', 'details': None, 'sort': 3}]",CREATE_WITHOUT_RESUME,4,"{city: null, province: null, country: null, location: ""ca""}",[{'enumId': '133'}],[{'enumId': '235'}],[{'enumId': '49'}],LINKEDIN,,,,,,,,,,,
talent,创建候选人,只填必填项,post,/talent/api/v3/talents,atest0311,bulk01,"[{'type': 'PHONE', 'contact': '19356666141', 'sort': 1}, {'type': 'EMAIL', 'contact': '19356666141@163.com', 'sort': 2}, {'type': 'WECHAT', 'contact': '19356666141', 'details': None, 'sort': 3}]",CREATE_WITHOUT_RESUME,2,"{city: null, province: null, country: null, location: ""ca""}",[{'enumId': '135'}],[{'enumId': '235'}],[{'enumId': '43'}],LINKEDIN,,,,,,,,,,,
talent,创建候选人,只填必填项,post,/talent/api/v3/talents,atest0311,bulk01,"[{'type': 'PHONE', 'contact': '19356666142', 'sort': 1}, {'type': 'EMAIL', 'contact': '19356666142@163.com', 'sort': 2}, {'type': 'WECHAT', 'contact': '19356666142', 'details': None, 'sort': 3}]",CREATE_WITHOUT_RESUME,4,"{city: null, province: null, country: null, location: ""ca""}",[{'enumId': '131'}],[{'enumId': '197'}],[{'enumId': '44'}],LINKEDIN,,,,,,,,,,,
talent,创建候选人,只填必填项,post,/talent/api/v3/talents,atest0311,bulk01,"[{'type': 'PHONE', 'contact': '19356666143', 'sort': 1}, {'type': 'EMAIL', 'contact': '19356666143@163.com', 'sort': 2}, {'type': 'WECHAT', 'contact': '19356666143', 'details': None, 'sort': 3}]",CREATE_WITHOUT_RESUME,0,"{city: null, province: null, country: null, location: ""ca""}",[{'enumId': '119'}],[{'enumId': '17'}],[{'enumId': '49'}],LINKEDIN,,,,,,,,,,,
talent,创建候选人,只填必填项,post,/talent/api/v3/talents,atest0311,bulk01,"[{'type': 'PHONE', 'contact': '19356666144', 'sort': 1}, {'type': 'EMAIL', 'contact': '19356666144@163.com', 'sort': 2}, {'type': 'WECHAT', 'contact': '19356666144', 'details': None, 'sort': 3}]",CREATE_WITHOUT_RESUME,1,"{city: null, province: null, country: null, location: ""ca""}",[{'enumId': '123'}],[{'enumId': '180'}],[{'enumId': '51'}],LINKEDIN,,,,,,,,,,,
talent,创建候选人,只填必填项,post,/talent/api/v3/talents,atest0311,bulk01,"[{'type': 'PHONE', 'contact': '19356666145', 'sort': 1}, {'type': 'EMAIL', 'contact': '19356666145@163.com', 'sort': 2}, {'type': 'WECHAT', 'contact': '19356666145', 'details': None, 'sort': 3}]",CREATE_WITHOUT_RESUME,0,"{city: null, province: null, country: null, location: ""ca""}",[{'enumId': '135'}],[{'enumId': '159'}],[{'enumId': '48'}],LINKEDIN,,,,,,,,,,,
talent,创建候选人,只填必填项,post,/talent/api/v3/talents,atest0311,bulk01,"[{'type': 'PHONE', 'contact': '19356666146', 'sort': 1}, {'type': 'EMAIL', 'contact': '19356666146@163.com', 'sort': 2}, {'type': 'WECHAT', 'contact': '19356666146', 'details': None, 'sort': 3}]",CREATE_WITHOUT_RESUME,1,"{city: null, province: null, country: null, location: ""ca""}",[{'enumId': '129'}],[{'enumId': '386'}],[{'enumId': '53'}],LINKEDIN,,,,,,,,,,,
talent,创建候选人,只填必填项,post,/talent/api/v3/talents,atest0311,bulk01,"[{'type': 'PHONE', 'contact': '19356666147', 'sort': 1}, {'type': 'EMAIL', 'contact': '19356666147@163.com', 'sort': 2}, {'type': 'WECHAT', 'contact': '19356666147', 'details': None, 'sort': 3}]",CREATE_WITHOUT_RESUME,0,"{city: null, province: null, country: null, location: ""ca""}",[{'enumId': '137'}],[{'enumId': '20'}],[{'enumId': '55'}],LINKEDIN,,,,,,,,,,,
talent,创建候选人,只填必填项,post,/talent/api/v3/talents,atest0311,bulk01,"[{'type': 'PHONE', 'contact': '19356666148', 'sort': 1}, {'type': 'EMAIL', 'contact': '19356666148@163.com', 'sort': 2}, {'type': 'WECHAT', 'contact': '19356666148', 'details': None, 'sort': 3}]",CREATE_WITHOUT_RESUME,0,"{city: null, province: null, country: null, location: ""ca""}",[{'enumId': '139'}],[{'enumId': '386'}],[{'enumId': '63'}],LINKEDIN,,,,,,,,,,,
talent,创建候选人,只填必填项,post,/talent/api/v3/talents,atest0311,bulk01,"[{'type': 'PHONE', 'contact': '19356666149', 'sort': 1}, {'type': 'EMAIL', 'contact': '19356666149@163.com', 'sort': 2}, {'type': 'WECHAT', 'contact': '19356666149', 'details': None, 'sort': 3}]",CREATE_WITHOUT_RESUME,3,"{city: null, province: null, country: null, location: ""ca""}",[{'enumId': '118'}],[{'enumId': '223'}],[{'enumId': '59'}],LINKEDIN,,,,,,,,,,,
talent,创建候选人,只填必填项,post,/talent/api/v3/talents,atest0311,bulk01,"[{'type': 'PHONE', 'contact': '19356666150', 'sort': 1}, {'type': 'EMAIL', 'contact': '19356666150@163.com', 'sort': 2}, {'type': 'WECHAT', 'contact': '19356666150', 'details': None, 'sort': 3}]",CREATE_WITHOUT_RESUME,1,"{city: null, province: null, country: null, location: ""ca""}",[{'enumId': '125'}],[{'enumId': '242'}],[{'enumId': '40'}],LINKEDIN,,,,,,,,,,,
talent,创建候选人,只填必填项,post,/talent/api/v3/talents,atest0311,bulk01,"[{'type': 'PHONE', 'contact': '19356666151', 'sort': 1}, {'type': 'EMAIL', 'contact': '19356666151@163.com', 'sort': 2}, {'type': 'WECHAT', 'contact': '19356666151', 'details': None, 'sort': 3}]",CREATE_WITHOUT_RESUME,0,"{city: null, province: null, country: null, location: ""ca""}",[{'enumId': '4'}],[{'enumId': '204'}],[{'enumId': '62'}],LINKEDIN,,,,,,,,,,,
talent,创建候选人,只填必填项,post,/talent/api/v3/talents,atest0311,bulk01,"[{'type': 'PHONE', 'contact': '19356666152', 'sort': 1}, {'type': 'EMAIL', 'contact': '19356666152@163.com', 'sort': 2}, {'type': 'WECHAT', 'contact': '19356666152', 'details': None, 'sort': 3}]",CREATE_WITHOUT_RESUME,0,"{city: null, province: null, country: null, location: ""ca""}",[{'enumId': '130'}],[{'enumId': '14'}],[{'enumId': '64'}],LINKEDIN,,,,,,,,,,,
talent,创建候选人,只填必填项,post,/talent/api/v3/talents,atest0311,bulk01,"[{'type': 'PHONE', 'contact': '19356666153', 'sort': 1}, {'type': 'EMAIL', 'contact': '19356666153@163.com', 'sort': 2}, {'type': 'WECHAT', 'contact': '19356666153', 'details': None, 'sort': 3}]",CREATE_WITHOUT_RESUME,0,"{city: null, province: null, country: null, location: ""ca""}",[{'enumId': '137'}],[{'enumId': '202'}],[{'enumId': '44'}],LINKEDIN,,,,,,,,,,,
talent,创建候选人,只填必填项,post,/talent/api/v3/talents,atest0311,bulk01,"[{'type': 'PHONE', 'contact': '19356666154', 'sort': 1}, {'type': 'EMAIL', 'contact': '19356666154@163.com', 'sort': 2}, {'type': 'WECHAT', 'contact': '19356666154', 'details': None, 'sort': 3}]",CREATE_WITHOUT_RESUME,3,"{city: null, province: null, country: null, location: ""ca""}",[{'enumId': '138'}],[{'enumId': '165'}],[{'enumId': '59'}],LINKEDIN,,,,,,,,,,,
talent,创建候选人,只填必填项,post,/talent/api/v3/talents,atest0311,bulk01,"[{'type': 'PHONE', 'contact': '19356666155', 'sort': 1}, {'type': 'EMAIL', 'contact': '19356666155@163.com', 'sort': 2}, {'type': 'WECHAT', 'contact': '19356666155', 'details': None, 'sort': 3}]",CREATE_WITHOUT_RESUME,2,"{city: null, province: null, country: null, location: ""ca""}",[{'enumId': '136'}],[{'enumId': '214'}],[{'enumId': '58'}],LINKEDIN,,,,,,,,,,,
talent,创建候选人,只填必填项,post,/talent/api/v3/talents,atest0311,bulk01,"[{'type': 'PHONE', 'contact': '19356666156', 'sort': 1}, {'type': 'EMAIL', 'contact': '19356666156@163.com', 'sort': 2}, {'type': 'WECHAT', 'contact': '19356666156', 'details': None, 'sort': 3}]",CREATE_WITHOUT_RESUME,0,"{city: null, province: null, country: null, location: ""ca""}",[{'enumId': '131'}],[{'enumId': '208'}],[{'enumId': '54'}],LINKEDIN,,,,,,,,,,,
talent,创建候选人,只填必填项,post,/talent/api/v3/talents,atest0311,bulk01,"[{'type': 'PHONE', 'contact': '19356666157', 'sort': 1}, {'type': 'EMAIL', 'contact': '19356666157@163.com', 'sort': 2}, {'type': 'WECHAT', 'contact': '19356666157', 'details': None, 'sort': 3}]",CREATE_WITHOUT_RESUME,2,"{city: null, province: null, country: null, location: ""ca""}",[{'enumId': '129'}],[{'enumId': '170'}],[{'enumId': '63'}],LINKEDIN,,,,,,,,,,,
talent,创建候选人,只填必填项,post,/talent/api/v3/talents,atest0311,bulk01,"[{'type': 'PHONE', 'contact': '19356666158', 'sort': 1}, {'type': 'EMAIL', 'contact': '19356666158@163.com', 'sort': 2}, {'type': 'WECHAT', 'contact': '19356666158', 'details': None, 'sort': 3}]",CREATE_WITHOUT_RESUME,3,"{city: null, province: null, country: null, location: ""ca""}",[{'enumId': '142'}],[{'enumId': '389'}],[{'enumId': '46'}],LINKEDIN,,,,,,,,,,,
talent,创建候选人,只填必填项,post,/talent/api/v3/talents,atest0311,bulk01,"[{'type': 'PHONE', 'contact': '19356666159', 'sort': 1}, {'type': 'EMAIL', 'contact': '19356666159@163.com', 'sort': 2}, {'type': 'WECHAT', 'contact': '19356666159', 'details': None, 'sort': 3}]",CREATE_WITHOUT_RESUME,2,"{city: null, province: null, country: null, location: ""ca""}",[{'enumId': '127'}],[{'enumId': '244'}],[{'enumId': '50'}],LINKEDIN,,,,,,,,,,,
talent,创建候选人,只填必填项,post,/talent/api/v3/talents,atest0311,bulk01,"[{'type': 'PHONE', 'contact': '19356666160', 'sort': 1}, {'type': 'EMAIL', 'contact': '19356666160@163.com', 'sort': 2}, {'type': 'WECHAT', 'contact': '19356666160', 'details': None, 'sort': 3}]",CREATE_WITHOUT_RESUME,2,"{city: null, province: null, country: null, location: ""ca""}",[{'enumId': '133'}],[{'enumId': '404'}],[{'enumId': '57'}],LINKEDIN,,,,,,,,,,,
talent,创建候选人,只填必填项,post,/talent/api/v3/talents,atest0311,bulk01,"[{'type': 'PHONE', 'contact': '19356666161', 'sort': 1}, {'type': 'EMAIL', 'contact': '19356666161@163.com', 'sort': 2}, {'type': 'WECHAT', 'contact': '19356666161', 'details': None, 'sort': 3}]",CREATE_WITHOUT_RESUME,1,"{city: null, province: null, country: null, location: ""ca""}",[{'enumId': '138'}],[{'enumId': '32'}],[{'enumId': '64'}],LINKEDIN,,,,,,,,,,,
talent,创建候选人,只填必填项,post,/talent/api/v3/talents,atest0311,bulk01,"[{'type': 'PHONE', 'contact': '19356666162', 'sort': 1}, {'type': 'EMAIL', 'contact': '19356666162@163.com', 'sort': 2}, {'type': 'WECHAT', 'contact': '19356666162', 'details': None, 'sort': 3}]",CREATE_WITHOUT_RESUME,2,"{city: null, province: null, country: null, location: ""ca""}",[{'enumId': '4'}],[{'enumId': '389'}],[{'enumId': '48'}],LINKEDIN,,,,,,,,,,,
talent,创建候选人,只填必填项,post,/talent/api/v3/talents,atest0311,bulk01,"[{'type': 'PHONE', 'contact': '19356666163', 'sort': 1}, {'type': 'EMAIL', 'contact': '19356666163@163.com', 'sort': 2}, {'type': 'WECHAT', 'contact': '19356666163', 'details': None, 'sort': 3}]",CREATE_WITHOUT_RESUME,4,"{city: null, province: null, country: null, location: ""ca""}",[{'enumId': '137'}],[{'enumId': '180'}],[{'enumId': '61'}],LINKEDIN,,,,,,,,,,,
talent,创建候选人,只填必填项,post,/talent/api/v3/talents,atest0311,bulk01,"[{'type': 'PHONE', 'contact': '19356666164', 'sort': 1}, {'type': 'EMAIL', 'contact': '19356666164@163.com', 'sort': 2}, {'type': 'WECHAT', 'contact': '19356666164', 'details': None, 'sort': 3}]",CREATE_WITHOUT_RESUME,2,"{city: null, province: null, country: null, location: ""ca""}",[{'enumId': '139'}],[{'enumId': '6'}],[{'enumId': '55'}],LINKEDIN,,,,,,,,,,,
talent,创建候选人,只填必填项,post,/talent/api/v3/talents,atest0311,bulk01,"[{'type': 'PHONE', 'contact': '19356666165', 'sort': 1}, {'type': 'EMAIL', 'contact': '19356666165@163.com', 'sort': 2}, {'type': 'WECHAT', 'contact': '19356666165', 'details': None, 'sort': 3}]",CREATE_WITHOUT_RESUME,3,"{city: null, province: null, country: null, location: ""ca""}",[{'enumId': '140'}],[{'enumId': '398'}],[{'enumId': '44'}],LINKEDIN,,,,,,,,,,,
talent,创建候选人,只填必填项,post,/talent/api/v3/talents,atest0311,bulk01,"[{'type': 'PHONE', 'contact': '19356666166', 'sort': 1}, {'type': 'EMAIL', 'contact': '19356666166@163.com', 'sort': 2}, {'type': 'WECHAT', 'contact': '19356666166', 'details': None, 'sort': 3}]",CREATE_WITHOUT_RESUME,4,"{city: null, province: null, country: null, location: ""ca""}",[{'enumId': '141'}],[{'enumId': '404'}],[{'enumId': '62'}],LINKEDIN,,,,,,,,,,,
talent,创建候选人,只填必填项,post,/talent/api/v3/talents,atest0311,bulk01,"[{'type': 'PHONE', 'contact': '19356666167', 'sort': 1}, {'type': 'EMAIL', 'contact': '19356666167@163.com', 'sort': 2}, {'type': 'WECHAT', 'contact': '19356666167', 'details': None, 'sort': 3}]",CREATE_WITHOUT_RESUME,0,"{city: null, province: null, country: null, location: ""ca""}",[{'enumId': '136'}],[{'enumId': '402'}],[{'enumId': '59'}],LINKEDIN,,,,,,,,,,,
talent,创建候选人,只填必填项,post,/talent/api/v3/talents,atest0311,bulk01,"[{'type': 'PHONE', 'contact': '19356666168', 'sort': 1}, {'type': 'EMAIL', 'contact': '19356666168@163.com', 'sort': 2}, {'type': 'WECHAT', 'contact': '19356666168', 'details': None, 'sort': 3}]",CREATE_WITHOUT_RESUME,0,"{city: null, province: null, country: null, location: ""ca""}",[{'enumId': '139'}],[{'enumId': '402'}],[{'enumId': '60'}],LINKEDIN,,,,,,,,,,,
talent,创建候选人,只填必填项,post,/talent/api/v3/talents,atest0311,bulk01,"[{'type': 'PHONE', 'contact': '19356666169', 'sort': 1}, {'type': 'EMAIL', 'contact': '19356666169@163.com', 'sort': 2}, {'type': 'WECHAT', 'contact': '19356666169', 'details': None, 'sort': 3}]",CREATE_WITHOUT_RESUME,1,"{city: null, province: null, country: null, location: ""ca""}",[{'enumId': '129'}],[{'enumId': '4'}],[{'enumId': '52'}],LINKEDIN,,,,,,,,,,,
talent,创建候选人,只填必填项,post,/talent/api/v3/talents,atest0311,bulk01,"[{'type': 'PHONE', 'contact': '19356666170', 'sort': 1}, {'type': 'EMAIL', 'contact': '19356666170@163.com', 'sort': 2}, {'type': 'WECHAT', 'contact': '19356666170', 'details': None, 'sort': 3}]",CREATE_WITHOUT_RESUME,4,"{city: null, province: null, country: null, location: ""ca""}",[{'enumId': '127'}],[{'enumId': '17'}],[{'enumId': '56'}],LINKEDIN,,,,,,,,,,,
talent,创建候选人,只填必填项,post,/talent/api/v3/talents,atest0311,bulk01,"[{'type': 'PHONE', 'contact': '19356666171', 'sort': 1}, {'type': 'EMAIL', 'contact': '19356666171@163.com', 'sort': 2}, {'type': 'WECHAT', 'contact': '19356666171', 'details': None, 'sort': 3}]",CREATE_WITHOUT_RESUME,1,"{city: null, province: null, country: null, location: ""ca""}",[{'enumId': '133'}],[{'enumId': '401'}],[{'enumId': '56'}],LINKEDIN,,,,,,,,,,,
talent,创建候选人,只填必填项,post,/talent/api/v3/talents,atest0311,bulk01,"[{'type': 'PHONE', 'contact': '19356666172', 'sort': 1}, {'type': 'EMAIL', 'contact': '19356666172@163.com', 'sort': 2}, {'type': 'WECHAT', 'contact': '19356666172', 'details': None, 'sort': 3}]",CREATE_WITHOUT_RESUME,1,"{city: null, province: null, country: null, location: ""ca""}",[{'enumId': '137'}],[{'enumId': '248'}],[{'enumId': '62'}],LINKEDIN,,,,,,,,,,,
talent,创建候选人,只填必填项,post,/talent/api/v3/talents,atest0311,bulk01,"[{'type': 'PHONE', 'contact': '19356666173', 'sort': 1}, {'type': 'EMAIL', 'contact': '19356666173@163.com', 'sort': 2}, {'type': 'WECHAT', 'contact': '19356666173', 'details': None, 'sort': 3}]",CREATE_WITHOUT_RESUME,4,"{city: null, province: null, country: null, location: ""ca""}",[{'enumId': '119'}],[{'enumId': '196'}],[{'enumId': '56'}],LINKEDIN,,,,,,,,,,,
talent,创建候选人,只填必填项,post,/talent/api/v3/talents,atest0311,bulk01,"[{'type': 'PHONE', 'contact': '19356666174', 'sort': 1}, {'type': 'EMAIL', 'contact': '19356666174@163.com', 'sort': 2}, {'type': 'WECHAT', 'contact': '19356666174', 'details': None, 'sort': 3}]",CREATE_WITHOUT_RESUME,4,"{city: null, province: null, country: null, location: ""ca""}",[{'enumId': '137'}],[{'enumId': '165'}],[{'enumId': '57'}],LINKEDIN,,,,,,,,,,,
talent,创建候选人,只填必填项,post,/talent/api/v3/talents,atest0311,bulk01,"[{'type': 'PHONE', 'contact': '19356666175', 'sort': 1}, {'type': 'EMAIL', 'contact': '19356666175@163.com', 'sort': 2}, {'type': 'WECHAT', 'contact': '19356666175', 'details': None, 'sort': 3}]",CREATE_WITHOUT_RESUME,1,"{city: null, province: null, country: null, location: ""ca""}",[{'enumId': '125'}],[{'enumId': '217'}],[{'enumId': '42'}],LINKEDIN,,,,,,,,,,,
talent,创建候选人,只填必填项,post,/talent/api/v3/talents,atest0311,bulk01,"[{'type': 'PHONE', 'contact': '19356666176', 'sort': 1}, {'type': 'EMAIL', 'contact': '19356666176@163.com', 'sort': 2}, {'type': 'WECHAT', 'contact': '19356666176', 'details': None, 'sort': 3}]",CREATE_WITHOUT_RESUME,0,"{city: null, province: null, country: null, location: ""ca""}",[{'enumId': '132'}],[{'enumId': '241'}],[{'enumId': '46'}],LINKEDIN,,,,,,,,,,,
talent,创建候选人,只填必填项,post,/talent/api/v3/talents,atest0311,bulk01,"[{'type': 'PHONE', 'contact': '19356666177', 'sort': 1}, {'type': 'EMAIL', 'contact': '19356666177@163.com', 'sort': 2}, {'type': 'WECHAT', 'contact': '19356666177', 'details': None, 'sort': 3}]",CREATE_WITHOUT_RESUME,2,"{city: null, province: null, country: null, location: ""ca""}",[{'enumId': '135'}],[{'enumId': '390'}],[{'enumId': '41'}],LINKEDIN,,,,,,,,,,,
talent,创建候选人,只填必填项,post,/talent/api/v3/talents,atest0311,bulk01,"[{'type': 'PHONE', 'contact': '19356666178', 'sort': 1}, {'type': 'EMAIL', 'contact': '19356666178@163.com', 'sort': 2}, {'type': 'WECHAT', 'contact': '19356666178', 'details': None, 'sort': 3}]",CREATE_WITHOUT_RESUME,3,"{city: null, province: null, country: null, location: ""ca""}",[{'enumId': '4'}],[{'enumId': '198'}],[{'enumId': '40'}],LINKEDIN,,,,,,,,,,,
talent,创建候选人,只填必填项,post,/talent/api/v3/talents,atest0311,bulk01,"[{'type': 'PHONE', 'contact': '19356666179', 'sort': 1}, {'type': 'EMAIL', 'contact': '19356666179@163.com', 'sort': 2}, {'type': 'WECHAT', 'contact': '19356666179', 'details': None, 'sort': 3}]",CREATE_WITHOUT_RESUME,2,"{city: null, province: null, country: null, location: ""ca""}",[{'enumId': '141'}],[{'enumId': '163'}],[{'enumId': '60'}],LINKEDIN,,,,,,,,,,,
talent,创建候选人,只填必填项,post,/talent/api/v3/talents,atest0311,bulk01,"[{'type': 'PHONE', 'contact': '19356666180', 'sort': 1}, {'type': 'EMAIL', 'contact': '19356666180@163.com', 'sort': 2}, {'type': 'WECHAT', 'contact': '19356666180', 'details': None, 'sort': 3}]",CREATE_WITHOUT_RESUME,3,"{city: null, province: null, country: null, location: ""ca""}",[{'enumId': '124'}],[{'enumId': '196'}],[{'enumId': '40'}],LINKEDIN,,,,,,,,,,,
talent,创建候选人,只填必填项,post,/talent/api/v3/talents,atest0311,bulk01,"[{'type': 'PHONE', 'contact': '19356666181', 'sort': 1}, {'type': 'EMAIL', 'contact': '19356666181@163.com', 'sort': 2}, {'type': 'WECHAT', 'contact': '19356666181', 'details': None, 'sort': 3}]",CREATE_WITHOUT_RESUME,4,"{city: null, province: null, country: null, location: ""ca""}",[{'enumId': '118'}],[{'enumId': '169'}],[{'enumId': '48'}],LINKEDIN,,,,,,,,,,,
talent,创建候选人,只填必填项,post,/talent/api/v3/talents,atest0311,bulk01,"[{'type': 'PHONE', 'contact': '19356666182', 'sort': 1}, {'type': 'EMAIL', 'contact': '19356666182@163.com', 'sort': 2}, {'type': 'WECHAT', 'contact': '19356666182', 'details': None, 'sort': 3}]",CREATE_WITHOUT_RESUME,4,"{city: null, province: null, country: null, location: ""ca""}",[{'enumId': '139'}],[{'enumId': '190'}],[{'enumId': '45'}],LINKEDIN,,,,,,,,,,,
talent,创建候选人,只填必填项,post,/talent/api/v3/talents,atest0311,bulk01,"[{'type': 'PHONE', 'contact': '19356666183', 'sort': 1}, {'type': 'EMAIL', 'contact': '19356666183@163.com', 'sort': 2}, {'type': 'WECHAT', 'contact': '19356666183', 'details': None, 'sort': 3}]",CREATE_WITHOUT_RESUME,3,"{city: null, province: null, country: null, location: ""ca""}",[{'enumId': '128'}],[{'enumId': '190'}],[{'enumId': '50'}],LINKEDIN,,,,,,,,,,,
talent,创建候选人,只填必填项,post,/talent/api/v3/talents,atest0311,bulk01,"[{'type': 'PHONE', 'contact': '19356666184', 'sort': 1}, {'type': 'EMAIL', 'contact': '19356666184@163.com', 'sort': 2}, {'type': 'WECHAT', 'contact': '19356666184', 'details': None, 'sort': 3}]",CREATE_WITHOUT_RESUME,3,"{city: null, province: null, country: null, location: ""ca""}",[{'enumId': '140'}],[{'enumId': '218'}],[{'enumId': '40'}],LINKEDIN,,,,,,,,,,,
talent,创建候选人,只填必填项,post,/talent/api/v3/talents,atest0311,bulk01,"[{'type': 'PHONE', 'contact': '19356666185', 'sort': 1}, {'type': 'EMAIL', 'contact': '19356666185@163.com', 'sort': 2}, {'type': 'WECHAT', 'contact': '19356666185', 'details': None, 'sort': 3}]",CREATE_WITHOUT_RESUME,0,"{city: null, province: null, country: null, location: ""ca""}",[{'enumId': '125'}],[{'enumId': '246'}],[{'enumId': '40'}],LINKEDIN,,,,,,,,,,,
talent,创建候选人,只填必填项,post,/talent/api/v3/talents,atest0311,bulk01,"[{'type': 'PHONE', 'contact': '19356666186', 'sort': 1}, {'type': 'EMAIL', 'contact': '19356666186@163.com', 'sort': 2}, {'type': 'WECHAT', 'contact': '19356666186', 'details': None, 'sort': 3}]",CREATE_WITHOUT_RESUME,0,"{city: null, province: null, country: null, location: ""ca""}",[{'enumId': '132'}],[{'enumId': '32'}],[{'enumId': '62'}],LINKEDIN,,,,,,,,,,,
talent,创建候选人,只填必填项,post,/talent/api/v3/talents,atest0311,bulk01,"[{'type': 'PHONE', 'contact': '19356666187', 'sort': 1}, {'type': 'EMAIL', 'contact': '19356666187@163.com', 'sort': 2}, {'type': 'WECHAT', 'contact': '19356666187', 'details': None, 'sort': 3}]",CREATE_WITHOUT_RESUME,1,"{city: null, province: null, country: null, location: ""ca""}",[{'enumId': '129'}],[{'enumId': '159'}],[{'enumId': '63'}],LINKEDIN,,,,,,,,,,,
talent,创建候选人,只填必填项,post,/talent/api/v3/talents,atest0311,bulk01,"[{'type': 'PHONE', 'contact': '19356666188', 'sort': 1}, {'type': 'EMAIL', 'contact': '19356666188@163.com', 'sort': 2}, {'type': 'WECHAT', 'contact': '19356666188', 'details': None, 'sort': 3}]",CREATE_WITHOUT_RESUME,4,"{city: null, province: null, country: null, location: ""ca""}",[{'enumId': '124'}],[{'enumId': '155'}],[{'enumId': '52'}],LINKEDIN,,,,,,,,,,,
talent,创建候选人,只填必填项,post,/talent/api/v3/talents,atest0311,bulk01,"[{'type': 'PHONE', 'contact': '19356666189', 'sort': 1}, {'type': 'EMAIL', 'contact': '19356666189@163.com', 'sort': 2}, {'type': 'WECHAT', 'contact': '19356666189', 'details': None, 'sort': 3}]",CREATE_WITHOUT_RESUME,2,"{city: null, province: null, country: null, location: ""ca""}",[{'enumId': '128'}],[{'enumId': '165'}],[{'enumId': '40'}],LINKEDIN,,,,,,,,,,,
talent,创建候选人,只填必填项,post,/talent/api/v3/talents,atest0311,bulk01,"[{'type': 'PHONE', 'contact': '19356666190', 'sort': 1}, {'type': 'EMAIL', 'contact': '19356666190@163.com', 'sort': 2}, {'type': 'WECHAT', 'contact': '19356666190', 'details': None, 'sort': 3}]",CREATE_WITHOUT_RESUME,1,"{city: null, province: null, country: null, location: ""ca""}",[{'enumId': '127'}],[{'enumId': '170'}],[{'enumId': '58'}],LINKEDIN,,,,,,,,,,,
talent,创建候选人,只填必填项,post,/talent/api/v3/talents,atest0311,bulk01,"[{'type': 'PHONE', 'contact': '19356666191', 'sort': 1}, {'type': 'EMAIL', 'contact': '19356666191@163.com', 'sort': 2}, {'type': 'WECHAT', 'contact': '19356666191', 'details': None, 'sort': 3}]",CREATE_WITHOUT_RESUME,4,"{city: null, province: null, country: null, location: ""ca""}",[{'enumId': '137'}],[{'enumId': '170'}],[{'enumId': '52'}],LINKEDIN,,,,,,,,,,,
talent,创建候选人,只填必填项,post,/talent/api/v3/talents,atest0311,bulk01,"[{'type': 'PHONE', 'contact': '19356666192', 'sort': 1}, {'type': 'EMAIL', 'contact': '19356666192@163.com', 'sort': 2}, {'type': 'WECHAT', 'contact': '19356666192', 'details': None, 'sort': 3}]",CREATE_WITHOUT_RESUME,0,"{city: null, province: null, country: null, location: ""ca""}",[{'enumId': '137'}],[{'enumId': '196'}],[{'enumId': '41'}],LINKEDIN,,,,,,,,,,,
talent,创建候选人,只填必填项,post,/talent/api/v3/talents,atest0311,bulk01,"[{'type': 'PHONE', 'contact': '19356666193', 'sort': 1}, {'type': 'EMAIL', 'contact': '19356666193@163.com', 'sort': 2}, {'type': 'WECHAT', 'contact': '19356666193', 'details': None, 'sort': 3}]",CREATE_WITHOUT_RESUME,1,"{city: null, province: null, country: null, location: ""ca""}",[{'enumId': '142'}],[{'enumId': '198'}],[{'enumId': '46'}],LINKEDIN,,,,,,,,,,,
talent,创建候选人,只填必填项,post,/talent/api/v3/talents,atest0311,bulk01,"[{'type': 'PHONE', 'contact': '19356666194', 'sort': 1}, {'type': 'EMAIL', 'contact': '19356666194@163.com', 'sort': 2}, {'type': 'WECHAT', 'contact': '19356666194', 'details': None, 'sort': 3}]",CREATE_WITHOUT_RESUME,4,"{city: null, province: null, country: null, location: ""ca""}",[{'enumId': '124'}],[{'enumId': '406'}],[{'enumId': '60'}],LINKEDIN,,,,,,,,,,,
talent,创建候选人,只填必填项,post,/talent/api/v3/talents,atest0311,bulk01,"[{'type': 'PHONE', 'contact': '19356666195', 'sort': 1}, {'type': 'EMAIL', 'contact': '19356666195@163.com', 'sort': 2}, {'type': 'WECHAT', 'contact': '19356666195', 'details': None, 'sort': 3}]",CREATE_WITHOUT_RESUME,3,"{city: null, province: null, country: null, location: ""ca""}",[{'enumId': '139'}],[{'enumId': '202'}],[{'enumId': '49'}],LINKEDIN,,,,,,,,,,,
talent,创建候选人,只填必填项,post,/talent/api/v3/talents,atest0311,bulk01,"[{'type': 'PHONE', 'contact': '19356666196', 'sort': 1}, {'type': 'EMAIL', 'contact': '19356666196@163.com', 'sort': 2}, {'type': 'WECHAT', 'contact': '19356666196', 'details': None, 'sort': 3}]",CREATE_WITHOUT_RESUME,4,"{city: null, province: null, country: null, location: ""ca""}",[{'enumId': '124'}],[{'enumId': '201'}],[{'enumId': '50'}],LINKEDIN,,,,,,,,,,,
talent,创建候选人,只填必填项,post,/talent/api/v3/talents,atest0311,bulk01,"[{'type': 'PHONE', 'contact': '19356666197', 'sort': 1}, {'type': 'EMAIL', 'contact': '19356666197@163.com', 'sort': 2}, {'type': 'WECHAT', 'contact': '19356666197', 'details': None, 'sort': 3}]",CREATE_WITHOUT_RESUME,3,"{city: null, province: null, country: null, location: ""ca""}",[{'enumId': '132'}],[{'enumId': '398'}],[{'enumId': '61'}],LINKEDIN,,,,,,,,,,,
talent,创建候选人,只填必填项,post,/talent/api/v3/talents,atest0311,bulk01,"[{'type': 'PHONE', 'contact': '19356666198', 'sort': 1}, {'type': 'EMAIL', 'contact': '19356666198@163.com', 'sort': 2}, {'type': 'WECHAT', 'contact': '19356666198', 'details': None, 'sort': 3}]",CREATE_WITHOUT_RESUME,0,"{city: null, province: null, country: null, location: ""ca""}",[{'enumId': '141'}],[{'enumId': '6'}],[{'enumId': '53'}],LINKEDIN,,,,,,,,,,,
talent,创建候选人,只填必填项,post,/talent/api/v3/talents,atest0311,bulk01,"[{'type': 'PHONE', 'contact': '19356666199', 'sort': 1}, {'type': 'EMAIL', 'contact': '19356666199@163.com', 'sort': 2}, {'type': 'WECHAT', 'contact': '19356666199', 'details': None, 'sort': 3}]",CREATE_WITHOUT_RESUME,2,"{city: null, province: null, country: null, location: ""ca""}",[{'enumId': '128'}],[{'enumId': '202'}],[{'enumId': '58'}],LINKEDIN,,,,,,,,,,,
talent,创建候选人,只填必填项,post,/talent/api/v3/talents,atest0311,bulk01,"[{'type': 'PHONE', 'contact': '19356666200', 'sort': 1}, {'type': 'EMAIL', 'contact': '19356666200@163.com', 'sort': 2}, {'type': 'WECHAT', 'contact': '19356666200', 'details': None, 'sort': 3}]",CREATE_WITHOUT_RESUME,4,"{city: null, province: null, country: null, location: ""ca""}",[{'enumId': '136'}],[{'enumId': '258'}],[{'enumId': '50'}],LINKEDIN,,,,,,,,,,,
talent,创建候选人,只填必填项,post,/talent/api/v3/talents,atest0311,bulk01,"[{'type': 'PHONE', 'contact': '19356666201', 'sort': 1}, {'type': 'EMAIL', 'contact': '19356666201@163.com', 'sort': 2}, {'type': 'WECHAT', 'contact': '19356666201', 'details': None, 'sort': 3}]",CREATE_WITHOUT_RESUME,2,"{city: null, province: null, country: null, location: ""ca""}",[{'enumId': '122'}],[{'enumId': '182'}],[{'enumId': '63'}],LINKEDIN,,,,,,,,,,,
talent,创建候选人,只填必填项,post,/talent/api/v3/talents,atest0311,bulk01,"[{'type': 'PHONE', 'contact': '19356666202', 'sort': 1}, {'type': 'EMAIL', 'contact': '19356666202@163.com', 'sort': 2}, {'type': 'WECHAT', 'contact': '19356666202', 'details': None, 'sort': 3}]",CREATE_WITHOUT_RESUME,3,"{city: null, province: null, country: null, location: ""ca""}",[{'enumId': '133'}],[{'enumId': '202'}],[{'enumId': '60'}],LINKEDIN,,,,,,,,,,,
talent,创建候选人,只填必填项,post,/talent/api/v3/talents,atest0311,bulk01,"[{'type': 'PHONE', 'contact': '19356666203', 'sort': 1}, {'type': 'EMAIL', 'contact': '19356666203@163.com', 'sort': 2}, {'type': 'WECHAT', 'contact': '19356666203', 'details': None, 'sort': 3}]",CREATE_WITHOUT_RESUME,2,"{city: null, province: null, country: null, location: ""ca""}",[{'enumId': '135'}],[{'enumId': '18'}],[{'enumId': '51'}],LINKEDIN,,,,,,,,,,,
talent,创建候选人,只填必填项,post,/talent/api/v3/talents,atest0311,bulk01,"[{'type': 'PHONE', 'contact': '19356666204', 'sort': 1}, {'type': 'EMAIL', 'contact': '19356666204@163.com', 'sort': 2}, {'type': 'WECHAT', 'contact': '19356666204', 'details': None, 'sort': 3}]",CREATE_WITHOUT_RESUME,4,"{city: null, province: null, country: null, location: ""ca""}",[{'enumId': '125'}],[{'enumId': '232'}],[{'enumId': '62'}],LINKEDIN,,,,,,,,,,,
talent,创建候选人,只填必填项,post,/talent/api/v3/talents,atest0311,bulk01,"[{'type': 'PHONE', 'contact': '19356666205', 'sort': 1}, {'type': 'EMAIL', 'contact': '19356666205@163.com', 'sort': 2}, {'type': 'WECHAT', 'contact': '19356666205', 'details': None, 'sort': 3}]",CREATE_WITHOUT_RESUME,3,"{city: null, province: null, country: null, location: ""ca""}",[{'enumId': '136'}],[{'enumId': '196'}],[{'enumId': '62'}],LINKEDIN,,,,,,,,,,,
talent,创建候选人,只填必填项,post,/talent/api/v3/talents,atest0311,bulk01,"[{'type': 'PHONE', 'contact': '19356666206', 'sort': 1}, {'type': 'EMAIL', 'contact': '19356666206@163.com', 'sort': 2}, {'type': 'WECHAT', 'contact': '19356666206', 'details': None, 'sort': 3}]",CREATE_WITHOUT_RESUME,1,"{city: null, province: null, country: null, location: ""ca""}",[{'enumId': '121'}],[{'enumId': '196'}],[{'enumId': '57'}],LINKEDIN,,,,,,,,,,,
talent,创建候选人,只填必填项,post,/talent/api/v3/talents,atest0311,bulk01,"[{'type': 'PHONE', 'contact': '19356666207', 'sort': 1}, {'type': 'EMAIL', 'contact': '19356666207@163.com', 'sort': 2}, {'type': 'WECHAT', 'contact': '19356666207', 'details': None, 'sort': 3}]",CREATE_WITHOUT_RESUME,2,"{city: null, province: null, country: null, location: ""ca""}",[{'enumId': '122'}],[{'enumId': '391'}],[{'enumId': '42'}],LINKEDIN,,,,,,,,,,,
talent,创建候选人,只填必填项,post,/talent/api/v3/talents,atest0311,bulk01,"[{'type': 'PHONE', 'contact': '19356666208', 'sort': 1}, {'type': 'EMAIL', 'contact': '19356666208@163.com', 'sort': 2}, {'type': 'WECHAT', 'contact': '19356666208', 'details': None, 'sort': 3}]",CREATE_WITHOUT_RESUME,2,"{city: null, province: null, country: null, location: ""ca""}",[{'enumId': '132'}],[{'enumId': '155'}],[{'enumId': '61'}],LINKEDIN,,,,,,,,,,,
talent,创建候选人,只填必填项,post,/talent/api/v3/talents,atest0311,bulk01,"[{'type': 'PHONE', 'contact': '19356666209', 'sort': 1}, {'type': 'EMAIL', 'contact': '19356666209@163.com', 'sort': 2}, {'type': 'WECHAT', 'contact': '19356666209', 'details': None, 'sort': 3}]",CREATE_WITHOUT_RESUME,1,"{city: null, province: null, country: null, location: ""ca""}",[{'enumId': '127'}],[{'enumId': '235'}],[{'enumId': '64'}],LINKEDIN,,,,,,,,,,,
talent,创建候选人,只填必填项,post,/talent/api/v3/talents,atest0311,bulk01,"[{'type': 'PHONE', 'contact': '19356666210', 'sort': 1}, {'type': 'EMAIL', 'contact': '19356666210@163.com', 'sort': 2}, {'type': 'WECHAT', 'contact': '19356666210', 'details': None, 'sort': 3}]",CREATE_WITHOUT_RESUME,3,"{city: null, province: null, country: null, location: ""ca""}",[{'enumId': '132'}],[{'enumId': '166'}],[{'enumId': '57'}],LINKEDIN,,,,,,,,,,,
talent,创建候选人,只填必填项,post,/talent/api/v3/talents,atest0311,bulk01,"[{'type': 'PHONE', 'contact': '19356666211', 'sort': 1}, {'type': 'EMAIL', 'contact': '19356666211@163.com', 'sort': 2}, {'type': 'WECHAT', 'contact': '19356666211', 'details': None, 'sort': 3}]",CREATE_WITHOUT_RESUME,3,"{city: null, province: null, country: null, location: ""ca""}",[{'enumId': '127'}],[{'enumId': '267'}],[{'enumId': '40'}],LINKEDIN,,,,,,,,,,,
talent,创建候选人,只填必填项,post,/talent/api/v3/talents,atest0311,bulk01,"[{'type': 'PHONE', 'contact': '19356666212', 'sort': 1}, {'type': 'EMAIL', 'contact': '19356666212@163.com', 'sort': 2}, {'type': 'WECHAT', 'contact': '19356666212', 'details': None, 'sort': 3}]",CREATE_WITHOUT_RESUME,4,"{city: null, province: null, country: null, location: ""ca""}",[{'enumId': '128'}],[{'enumId': '386'}],[{'enumId': '42'}],LINKEDIN,,,,,,,,,,,
talent,创建候选人,只填必填项,post,/talent/api/v3/talents,atest0311,bulk01,"[{'type': 'PHONE', 'contact': '19356666213', 'sort': 1}, {'type': 'EMAIL', 'contact': '19356666213@163.com', 'sort': 2}, {'type': 'WECHAT', 'contact': '19356666213', 'details': None, 'sort': 3}]",CREATE_WITHOUT_RESUME,0,"{city: null, province: null, country: null, location: ""ca""}",[{'enumId': '123'}],[{'enumId': '397'}],[{'enumId': '56'}],LINKEDIN,,,,,,,,,,,
talent,创建候选人,只填必填项,post,/talent/api/v3/talents,atest0311,bulk01,"[{'type': 'PHONE', 'contact': '19356666214', 'sort': 1}, {'type': 'EMAIL', 'contact': '19356666214@163.com', 'sort': 2}, {'type': 'WECHAT', 'contact': '19356666214', 'details': None, 'sort': 3}]",CREATE_WITHOUT_RESUME,4,"{city: null, province: null, country: null, location: ""ca""}",[{'enumId': '140'}],[{'enumId': '166'}],[{'enumId': '57'}],LINKEDIN,,,,,,,,,,,
talent,创建候选人,只填必填项,post,/talent/api/v3/talents,atest0311,bulk01,"[{'type': 'PHONE', 'contact': '19356666215', 'sort': 1}, {'type': 'EMAIL', 'contact': '19356666215@163.com', 'sort': 2}, {'type': 'WECHAT', 'contact': '19356666215', 'details': None, 'sort': 3}]",CREATE_WITHOUT_RESUME,2,"{city: null, province: null, country: null, location: ""ca""}",[{'enumId': '119'}],[{'enumId': '180'}],[{'enumId': '51'}],LINKEDIN,,,,,,,,,,,
talent,创建候选人,只填必填项,post,/talent/api/v3/talents,atest0311,bulk01,"[{'type': 'PHONE', 'contact': '19356666216', 'sort': 1}, {'type': 'EMAIL', 'contact': '19356666216@163.com', 'sort': 2}, {'type': 'WECHAT', 'contact': '19356666216', 'details': None, 'sort': 3}]",CREATE_WITHOUT_RESUME,2,"{city: null, province: null, country: null, location: ""ca""}",[{'enumId': '142'}],[{'enumId': '208'}],[{'enumId': '64'}],LINKEDIN,,,,,,,,,,,
talent,创建候选人,只填必填项,post,/talent/api/v3/talents,atest0311,bulk01,"[{'type': 'PHONE', 'contact': '19356666217', 'sort': 1}, {'type': 'EMAIL', 'contact': '19356666217@163.com', 'sort': 2}, {'type': 'WECHAT', 'contact': '19356666217', 'details': None, 'sort': 3}]",CREATE_WITHOUT_RESUME,1,"{city: null, province: null, country: null, location: ""ca""}",[{'enumId': '130'}],[{'enumId': '28'}],[{'enumId': '63'}],LINKEDIN,,,,,,,,,,,
talent,创建候选人,只填必填项,post,/talent/api/v3/talents,atest0311,bulk01,"[{'type': 'PHONE', 'contact': '19356666218', 'sort': 1}, {'type': 'EMAIL', 'contact': '19356666218@163.com', 'sort': 2}, {'type': 'WECHAT', 'contact': '19356666218', 'details': None, 'sort': 3}]",CREATE_WITHOUT_RESUME,2,"{city: null, province: null, country: null, location: ""ca""}",[{'enumId': '137'}],[{'enumId': '267'}],[{'enumId': '53'}],LINKEDIN,,,,,,,,,,,
talent,创建候选人,只填必填项,post,/talent/api/v3/talents,atest0311,bulk01,"[{'type': 'PHONE', 'contact': '19356666219', 'sort': 1}, {'type': 'EMAIL', 'contact': '19356666219@163.com', 'sort': 2}, {'type': 'WECHAT', 'contact': '19356666219', 'details': None, 'sort': 3}]",CREATE_WITHOUT_RESUME,0,"{city: null, province: null, country: null, location: ""ca""}",[{'enumId': '138'}],[{'enumId': '390'}],[{'enumId': '61'}],LINKEDIN,,,,,,,,,,,
talent,创建候选人,只填必填项,post,/talent/api/v3/talents,atest0311,bulk01,"[{'type': 'PHONE', 'contact': '19356666220', 'sort': 1}, {'type': 'EMAIL', 'contact': '19356666220@163.com', 'sort': 2}, {'type': 'WECHAT', 'contact': '19356666220', 'details': None, 'sort': 3}]",CREATE_WITHOUT_RESUME,2,"{city: null, province: null, country: null, location: ""ca""}",[{'enumId': '138'}],[{'enumId': '212'}],[{'enumId': '55'}],LINKEDIN,,,,,,,,,,,
talent,创建候选人,只填必填项,post,/talent/api/v3/talents,atest0311,bulk01,"[{'type': 'PHONE', 'contact': '19356666221', 'sort': 1}, {'type': 'EMAIL', 'contact': '19356666221@163.com', 'sort': 2}, {'type': 'WECHAT', 'contact': '19356666221', 'details': None, 'sort': 3}]",CREATE_WITHOUT_RESUME,4,"{city: null, province: null, country: null, location: ""ca""}",[{'enumId': '134'}],[{'enumId': '388'}],[{'enumId': '48'}],LINKEDIN,,,,,,,,,,,
talent,创建候选人,只填必填项,post,/talent/api/v3/talents,atest0311,bulk01,"[{'type': 'PHONE', 'contact': '19356666222', 'sort': 1}, {'type': 'EMAIL', 'contact': '19356666222@163.com', 'sort': 2}, {'type': 'WECHAT', 'contact': '19356666222', 'details': None, 'sort': 3}]",CREATE_WITHOUT_RESUME,4,"{city: null, province: null, country: null, location: ""ca""}",[{'enumId': '130'}],[{'enumId': '243'}],[{'enumId': '54'}],LINKEDIN,,,,,,,,,,,
talent,创建候选人,只填必填项,post,/talent/api/v3/talents,atest0311,bulk01,"[{'type': 'PHONE', 'contact': '19356666223', 'sort': 1}, {'type': 'EMAIL', 'contact': '19356666223@163.com', 'sort': 2}, {'type': 'WECHAT', 'contact': '19356666223', 'details': None, 'sort': 3}]",CREATE_WITHOUT_RESUME,3,"{city: null, province: null, country: null, location: ""ca""}",[{'enumId': '135'}],[{'enumId': '387'}],[{'enumId': '57'}],LINKEDIN,,,,,,,,,,,
talent,创建候选人,只填必填项,post,/talent/api/v3/talents,atest0311,bulk01,"[{'type': 'PHONE', 'contact': '19356666224', 'sort': 1}, {'type': 'EMAIL', 'contact': '19356666224@163.com', 'sort': 2}, {'type': 'WECHAT', 'contact': '19356666224', 'details': None, 'sort': 3}]",CREATE_WITHOUT_RESUME,4,"{city: null, province: null, country: null, location: ""ca""}",[{'enumId': '118'}],[{'enumId': '217'}],[{'enumId': '45'}],LINKEDIN,,,,,,,,,,,
talent,创建候选人,只填必填项,post,/talent/api/v3/talents,atest0311,bulk01,"[{'type': 'PHONE', 'contact': '19356666225', 'sort': 1}, {'type': 'EMAIL', 'contact': '19356666225@163.com', 'sort': 2}, {'type': 'WECHAT', 'contact': '19356666225', 'details': None, 'sort': 3}]",CREATE_WITHOUT_RESUME,1,"{city: null, province: null, country: null, location: ""ca""}",[{'enumId': '4'}],[{'enumId': '267'}],[{'enumId': '56'}],LINKEDIN,,,,,,,,,,,
talent,创建候选人,只填必填项,post,/talent/api/v3/talents,atest0311,bulk01,"[{'type': 'PHONE', 'contact': '19356666226', 'sort': 1}, {'type': 'EMAIL', 'contact': '19356666226@163.com', 'sort': 2}, {'type': 'WECHAT', 'contact': '19356666226', 'details': None, 'sort': 3}]",CREATE_WITHOUT_RESUME,0,"{city: null, province: null, country: null, location: ""ca""}",[{'enumId': '140'}],[{'enumId': '6'}],[{'enumId': '41'}],LINKEDIN,,,,,,,,,,,
talent,创建候选人,只填必填项,post,/talent/api/v3/talents,atest0311,bulk01,"[{'type': 'PHONE', 'contact': '19356666227', 'sort': 1}, {'type': 'EMAIL', 'contact': '19356666227@163.com', 'sort': 2}, {'type': 'WECHAT', 'contact': '19356666227', 'details': None, 'sort': 3}]",CREATE_WITHOUT_RESUME,3,"{city: null, province: null, country: null, location: ""ca""}",[{'enumId': '130'}],[{'enumId': '194'}],[{'enumId': '46'}],LINKEDIN,,,,,,,,,,,
talent,创建候选人,只填必填项,post,/talent/api/v3/talents,atest0311,bulk01,"[{'type': 'PHONE', 'contact': '19356666228', 'sort': 1}, {'type': 'EMAIL', 'contact': '19356666228@163.com', 'sort': 2}, {'type': 'WECHAT', 'contact': '19356666228', 'details': None, 'sort': 3}]",CREATE_WITHOUT_RESUME,0,"{city: null, province: null, country: null, location: ""ca""}",[{'enumId': '133'}],[{'enumId': '43'}],[{'enumId': '51'}],LINKEDIN,,,,,,,,,,,
talent,创建候选人,只填必填项,post,/talent/api/v3/talents,atest0311,bulk01,"[{'type': 'PHONE', 'contact': '19356666229', 'sort': 1}, {'type': 'EMAIL', 'contact': '19356666229@163.com', 'sort': 2}, {'type': 'WECHAT', 'contact': '19356666229', 'details': None, 'sort': 3}]",CREATE_WITHOUT_RESUME,1,"{city: null, province: null, country: null, location: ""ca""}",[{'enumId': '4'}],[{'enumId': '212'}],[{'enumId': '42'}],LINKEDIN,,,,,,,,,,,
talent,创建候选人,只填必填项,post,/talent/api/v3/talents,atest0311,bulk01,"[{'type': 'PHONE', 'contact': '19356666230', 'sort': 1}, {'type': 'EMAIL', 'contact': '19356666230@163.com', 'sort': 2}, {'type': 'WECHAT', 'contact': '19356666230', 'details': None, 'sort': 3}]",CREATE_WITHOUT_RESUME,4,"{city: null, province: null, country: null, location: ""ca""}",[{'enumId': '125'}],[{'enumId': '395'}],[{'enumId': '63'}],LINKEDIN,,,,,,,,,,,
talent,创建候选人,只填必填项,post,/talent/api/v3/talents,atest0311,bulk01,"[{'type': 'PHONE', 'contact': '19356666231', 'sort': 1}, {'type': 'EMAIL', 'contact': '19356666231@163.com', 'sort': 2}, {'type': 'WECHAT', 'contact': '19356666231', 'details': None, 'sort': 3}]",CREATE_WITHOUT_RESUME,2,"{city: null, province: null, country: null, location: ""ca""}",[{'enumId': '121'}],[{'enumId': '13'}],[{'enumId': '48'}],LINKEDIN,,,,,,,,,,,
talent,创建候选人,只填必填项,post,/talent/api/v3/talents,atest0311,bulk01,"[{'type': 'PHONE', 'contact': '19356666232', 'sort': 1}, {'type': 'EMAIL', 'contact': '19356666232@163.com', 'sort': 2}, {'type': 'WECHAT', 'contact': '19356666232', 'details': None, 'sort': 3}]",CREATE_WITHOUT_RESUME,3,"{city: null, province: null, country: null, location: ""ca""}",[{'enumId': '131'}],[{'enumId': '214'}],[{'enumId': '48'}],LINKEDIN,,,,,,,,,,,
talent,创建候选人,只填必填项,post,/talent/api/v3/talents,atest0311,bulk01,"[{'type': 'PHONE', 'contact': '19356666233', 'sort': 1}, {'type': 'EMAIL', 'contact': '19356666233@163.com', 'sort': 2}, {'type': 'WECHAT', 'contact': '19356666233', 'details': None, 'sort': 3}]",CREATE_WITHOUT_RESUME,3,"{city: null, province: null, country: null, location: ""ca""}",[{'enumId': '134'}],[{'enumId': '193'}],[{'enumId': '43'}],LINKEDIN,,,,,,,,,,,
talent,创建候选人,只填必填项,post,/talent/api/v3/talents,atest0311,bulk01,"[{'type': 'PHONE', 'contact': '19356666234', 'sort': 1}, {'type': 'EMAIL', 'contact': '19356666234@163.com', 'sort': 2}, {'type': 'WECHAT', 'contact': '19356666234', 'details': None, 'sort': 3}]",CREATE_WITHOUT_RESUME,0,"{city: null, province: null, country: null, location: ""ca""}",[{'enumId': '135'}],[{'enumId': '223'}],[{'enumId': '52'}],LINKEDIN,,,,,,,,,,,
talent,创建候选人,只填必填项,post,/talent/api/v3/talents,atest0311,bulk01,"[{'type': 'PHONE', 'contact': '19356666235', 'sort': 1}, {'type': 'EMAIL', 'contact': '19356666235@163.com', 'sort': 2}, {'type': 'WECHAT', 'contact': '19356666235', 'details': None, 'sort': 3}]",CREATE_WITHOUT_RESUME,2,"{city: null, province: null, country: null, location: ""ca""}",[{'enumId': '118'}],[{'enumId': '149'}],[{'enumId': '55'}],LINKEDIN,,,,,,,,,,,
